Date,Sales,Metric_A,Metric_B
2023-01-01,101.97091590140282,18.727005942368123,58.152247294456664
2023-01-02,98.87284693605768,47.53571532049581,65.52381390620899
2023-01-03,99.90713246096554,36.59969709057025,16.878401724891837
2023-01-04,97.27428584209702,29.93292420985183,55.411676370101425
2023-01-05,100.00059981719778,7.800932022121826,45.94695021983693
2023-01-06,98.17128922540546,7.799726016810133,64.21425406492114
2023-01-07,105.44128599575967,2.9041806084099733,46.24816098388233
2023-01-08,156.86344463092544,43.308807288746756,69.51578649743449
2023-01-09,310.5082221043167,30.05575058716044,39.85380469273942
2023-01-10,241.66377739698,35.40362888980228,16.545051385611668
2023-01-11,207.639849871927,1.0292247147901223,65.77389561007499
2023-01-12,128.64026897119118,48.49549260809972,37.34682556631794
2023-01-13,120.56003260734968,41.622132040021086,26.296220948847093
2023-01-14,107.31556302306271,10.616955533913808,50.24080127965896
2023-01-15,285.2428663660619,9.091248360355031,46.41232000954747
2023-01-16,201.17133401673422,9.17022549267169,62.346574636175106
2023-01-17,237.35479939748555,15.212112147976885,63.38616229722817
2023-01-18,104.89548814194117,26.237821581611893,51.43430668834089
2023-01-19,315.71738220012753,21.597250932105787,36.727760871230224
2023-01-20,275.7128598647653,14.561457009902096,54.304118918364466
2023-01-21,131.56862478538386,30.592644736118974,52.477915701808655
2023-01-22,121.65505526461703,6.974693032602092,58.53405011704462
2023-01-23,125.56214826352442,14.607232426760907,36.87789929382947
2023-01-24,138.49470837256663,18.318092164684586,43.9944069024867
2023-01-25,193.1485511991724,22.803499210851797,57.64067174504159
2023-01-26,172.94421843625358,39.25879806965068,68.70990582847587
2023-01-27,143.12716326826862,9.983689107917987,64.48883011939385
2023-01-28,215.58662591383523,25.71172192068058,51.230823067291965
2023-01-29,118.72154574794891,29.620728443102124,42.689074641182785
2023-01-30,143.37123123578738,2.3225206359998865,56.05730838018958
2023-01-31,161.25209018873184,30.37724259507192,33.62914344059794
2023-02-01,176.3251330434362,8.526206184364577,37.74497841108659
2023-02-02,262.3723382797574,3.252579649263976,72.64656968689435
2023-02-03,130.43448667541116,47.44427686266666,56.030517200703834
2023-02-04,190.6123001416951,48.28160165372797,44.78709899340568
2023-02-05,209.56716464787723,40.419867405823055,62.43708026877902
2023-02-06,110.54174297518513,15.230688458668535,69.30462445774391
2023-02-07,215.73544641836807,4.883605700319194,43.3304366263154
2023-02-08,126.92390398779081,34.211651325607846,43.58888086325787
2023-02-09,115.38550616755685,22.007624686980066,41.71031339979491
2023-02-10,313.73662464262827,6.101911742238942,64.45775478073043
2023-02-11,317.1823065231887,24.75884550556351,64.60336171280186
2023-02-12,274.1097608029689,1.7194260557609198,70.78854981936648
2023-02-13,152.57917909111094,45.4660201039391,65.12904424773254
2023-02-14,127.0203211093574,12.938999080000846,25.516728808572218
2023-02-15,233.17980467528696,33.1261142176991,54.21446481377299
2023-02-16,177.14158551307187,15.585553804470548,34.12421895729422
2023-02-17,123.38413761705398,26.00340105889054,42.30628437542877
2023-02-18,193.0055417413571,27.335513967163983,52.55891305371295
2023-02-19,112.09840781197111,9.242722776276352,62.53348097524856
2023-02-20,300.9710121187797,48.47923138822793,36.63734986323384
2023-02-21,148.2252694557056,38.75664116805573,15.129205078213982
2023-02-22,230.6787070733846,46.97494707820945,52.70796262708147
2023-02-23,156.6161233894683,44.74136752138244,89.65357375097825
2023-02-24,198.91763124170683,29.894998940554256,46.95730670494771
2023-02-25,202.9076382380961,46.093711751155844,50.70373152425388
2023-02-26,133.34560691706145,4.424625102595975,76.73245427804117
2023-02-27,324.55174621347845,9.79914312095726,58.85411928592682
2023-02-28,263.9697355965484,2.2613644455269033,53.25291555474407
2023-03-01,318.40911706771783,16.266516538163216,56.63174997970209
2023-03-02,298.85747643105293,19.4338644844741,53.75365898860473
2023-03-03,216.61099990596531,13.567451588694796,32.90368357764941
2023-03-04,307.003717467081,41.436875457596464,29.878322633004537
2023-03-05,118.91561033558698,17.837666334679465,78.30242168186355
2023-03-06,136.5029382422203,14.046725484369038,52.758250278577364
2023-03-07,111.21808145197332,27.134804157912424,51.50143163869547
2023-03-08,164.3859668223448,7.046211248738132,48.646585039156854
2023-03-09,166.732016421429,40.109849037701984,61.716099014246794
2023-03-10,148.89384160579078,3.727532183988541,88.08036652606229
2023-03-11,285.01750875329077,49.34434683002586,57.85929000661691
2023-03-12,161.89429424589426,38.61223846483287,41.178697605281705
2023-03-13,144.05684871603648,9.93578407670862,47.99898713162684
2023-03-14,202.86021603281543,0.27610585618011996,66.06494700807883
2023-03-15,127.16276427125916,40.77307142274171,41.25799097880503
2023-03-16,267.1418748797131,35.34286719238086,62.78369733545402
2023-03-17,122.41185823137576,36.45035840204937,15.188939390328041
2023-03-18,334.5538426693598,38.56351733429729,46.5518064283042
2023-03-19,268.78770880826096,3.7022325867045183,59.42210020221004
2023-03-20,135.12357473286147,17.92328642721363,69.05188319863574
2023-03-21,109.52167867792615,5.793452976256486,37.72288674436413
2023-03-22,277.2928794260644,43.155171293779674,27.458524735540948
2023-03-23,246.80011390058786,31.164906341377897,46.08897252662272
2023-03-24,256.0955219458243,16.54490124263246,33.11871488379667
2023-03-25,269.7882042374217,3.177917514301182,47.76444999905705
2023-03-26,125.87540795037344,15.54911608578311,49.90019818053144
2023-03-27,166.94760363417407,16.259166101337353,30.212824321970828
2023-03-28,129.93685831351172,36.480308916903205,62.06658665166297
2023-03-29,291.84165696458064,31.877873567760656,47.641791599533235
2023-03-30,225.7900677359212,44.36063712881633,66.20689803508024
2023-03-31,157.65030494362347,23.610746258097464,22.326421395558597
2023-04-01,121.54875660301,5.9797122969150855,34.74211744181914
2023-04-02,158.00208940276556,35.66223936114975,57.75003962972184
2023-04-03,165.49820494214708,38.03925243084487,38.01334143762102
2023-04-04,253.45311333882037,28.063859878474812,47.53196512925456
2023-04-05,229.51498841724177,38.54835899772805,50.01048676335762
2023-04-06,302.54205384603637,24.689779818219538,52.37383971430052
2023-04-07,188.48145162274972,26.136641469099704,39.83650680899439
2023-04-08,126.12236284456324,21.37705091792748,52.23929845208716
2023-04-09,253.62181914937216,1.2709563372047594,38.2618444214828
2023-04-10,260.3217647100091,5.394571349665222,60.11420703120163
2023-04-11,206.38245860545953,1.5714592843367126,48.27733970775465
2023-04-12,268.3155787240284,31.82052056318902,52.32554935393278
2023-04-13,198.22840245257404,15.717799053816334,88.548902595355
2023-04-14,199.9853608359343,25.42853455823514,33.39343318099968
2023-04-15,179.21603863657913,45.37832369630465,70.82873403560433
2023-04-16,118.39968758352458,12.464611457443747,10.109729644259408
2023-04-17,125.05536015707382,20.519146151781488,18.824350176215855
2023-04-18,115.85843339082687,37.77755692715243,31.390398834686437
2023-04-19,231.84390530225838,11.439908274581123,32.33707452087595
2023-04-20,160.54306756491272,3.8489954914396494,53.055526972082745
2023-04-21,202.04867569829673,14.4875726456884,54.34763396252702
2023-04-22,304.8773068927973,8.061064362700222,46.17768097441453
2023-04-23,146.09740170378734,46.484882617128655,47.75183049856307
2023-04-24,177.82650615221073,40.40601897822085,57.91647141397491
2023-04-25,259.01127793478787,31.67018782552117,62.49835816431113
2023-04-26,146.20450022810985,43.57302950938588,30.101914758353615
2023-04-27,126.94616858246128,40.18360384495573,44.571635431504944
2023-04-28,152.5279523402488,9.328502944301793,48.956152656304845
2023-04-29,134.26751570535626,44.627949924498886,57.2797399484068
2023-04-30,320.1289589406475,26.967112095782536,38.409992865897934
2023-05-01,282.5592343520091,40.372007758203125,48.661682366094965
2023-05-02,230.40924052991213,44.80456499617466,50.44975451790736
2023-05-03,298.5000132671415,15.900173748593193,39.432948448107055
2023-05-04,273.1445895578044,5.502596226383838,39.075272750781714
2023-05-05,138.64493724325587,11.396758127097083,51.48118666456002
2023-05-06,305.0226000817409,21.355389431312815,48.044822810191874
2023-05-07,204.12975096966616,40.90073829612466,57.50716279130948
2023-05-08,274.86943673736937,43.036529162817175,34.20111919032506
2023-05-09,300.4995178345669,0.34760652655953517,44.73977708181819
2023-05-10,153.53443304459225,25.537365128878285,46.56175922669612
2023-05-11,120.92431058800527,20.87055015743895,62.20795862185408
2023-05-12,145.21503489107906,11.105390523536512,35.893793381481466
2023-05-13,180.08317800177738,5.99326836668414,53.51978007732629
2023-05-14,278.0557829645159,16.8807585701814,53.7913326130683
2023-05-15,291.68140709242596,47.14548519562596,74.6959586401996
2023-05-16,115.25943532933549,16.160146601037763,34.89365953540609
2023-05-17,197.044728032085,25.939531087168305,40.14150022823759
2023-05-18,173.28124623744495,35.15094794475889,35.93966476665018
2023-05-19,144.82400073667884,18.1814801189647,24.953312418973997
2023-05-20,128.32551717326788,48.589104136048036,76.47030401394078
2023-05-21,162.35877664713286,48.122364747105564,31.37748153576316
2023-05-22,321.40904435024197,12.589114791268209,37.755418864177315
2023-05-23,156.32450218820648,24.86242529461927,69.7364976242324
2023-05-24,202.46606613825594,15.043915490838483,23.70339429592677
2023-05-25,244.87746503669777,14.242024718873381,61.34527353931072
2023-05-26,168.68492036766216,1.8443473677266398,28.80463481987334
2023-05-27,330.4643300887883,30.478216698994842,68.7004210479438
2023-05-28,321.86231607697863,25.133951161443076,17.451834694387124
2023-05-29,147.46362574407175,2.5739375624994674,23.69795875624006
2023-05-30,194.36798465992413,13.932323211830571,41.82616647561637
2023-05-31,154.15535952909306,45.41329429833269,64.57734035259104
2023-06-01,150.9051157267484,11.97809453334862,49.5356262404514
2023-06-02,116.0638229180288,7.244743604561155,44.964273906701436
2023-06-03,222.2021814092047,24.47263801387815,70.19066311197076
2023-06-04,195.84647584863558,49.282522705530035,82.32859307649609
2023-06-05,117.72575724808317,12.10276357557502,60.08385926620658
2023-06-06,145.1443228878882,33.606777370293926,40.65718245348075
2023-06-07,307.37184337842126,38.08098076643588,43.727854489860924
2023-06-08,145.13667012328705,11.881877199619984,30.67328930364013
2023-06-09,135.74211261229436,36.41081743059298,51.512261333810784
2023-06-10,193.7342130922848,18.38915663596266,25.556105210355092
2023-06-11,325.81199158507513,31.615291529678974,58.27795482964251
2023-06-12,143.15874447876456,31.676485538044734,80.08361068459931
2023-06-13,240.39952449676608,26.788734203737924,60.76387369689575
2023-06-14,261.7077911029946,4.514488502720415,42.96278419707598
2023-06-15,142.8609679216942,41.7651247794619,57.904061189476856
2023-06-16,252.74635706341041,16.03900324858679,74.30800167748815
2023-06-17,162.63945458086073,9.325925519992712,73.55741952891708
2023-06-18,225.344242676876,2.038757077738196,34.94363162654944
2023-06-19,223.35676291560958,29.54464715941209,57.65444584373485
2023-06-20,199.8671408599061,33.87821809211412,47.62847764894702
2023-06-21,122.8810367318415,0.8293914463928076,62.0988987187053
2023-06-22,278.19446277303354,25.60465291496405,55.754209307251564
2023-06-23,158.91242714818702,11.324788759896897,14.45417885773329
2023-06-24,131.71954127147717,32.25863952047249,44.779803705547415
2023-06-25,114.93391924724594,8.718321450249572,52.97837544344438
2023-06-26,208.2774467248792,34.546886905123294,28.484525492617315
2023-06-27,236.92649590401945,19.33676731502687,58.71533014798978
2023-06-28,115.53482198285074,46.836499436836725,27.139771374094547
2023-06-29,191.82551605710782,6.876047207299663,38.0234142887442
2023-06-30,134.98963378535066,17.053317552512926,70.11967879550203
2023-07-01,226.51828938964945,5.673676062029454,36.74333316703597
2023-07-02,134.61546131208158,46.23468091392814,58.60950438802513
2023-07-03,233.31038945330153,43.86696766904905,23.696394231369695
2023-07-04,162.81991626609798,12.89708138575778,81.21971985147712
2023-07-05,310.6411813999213,32.999202301708955,45.431695422691135
2023-07-06,122.18119940852328,40.86111001006079,51.429812104215785
2023-07-07,154.60049318436916,27.760040579973115,52.685551948234476
2023-07-08,114.95793017269293,26.482528917800323,59.11350296497038
2023-07-09,309.2813368561856,12.092614545022585,27.212300255207346
2023-07-10,293.007647501378,4.655138390294961,49.91995293745005
2023-07-11,136.93628045626244,44.860787897666334,40.11846761327965
2023-07-12,232.6196936534867,45.02090285816652,24.65664160882595
2023-07-13,277.9302836296918,31.655072863663396,64.80683300193066
2023-07-14,199.36314800629566,16.951489552435035,44.71740524600614
2023-07-15,198.97786380033207,17.460478730633046,53.63780638418779
2023-07-16,137.10758019698756,36.297783943511966,52.69768128092089
2023-07-17,118.15048705558291,44.85551299762886,44.9772159143583
2023-07-18,294.93649717824815,44.354321213255865,79.62541030446172
2023-07-19,305.01151680220835,38.99377729288119,49.29103021056486
2023-07-20,219.39320553617077,32.10158230771439,26.630715234849983
2023-07-21,155.40589125341089,4.206998249752441,43.994279597250234
2023-07-22,154.74443804731172,8.081435704730689,57.496064301681656
2023-07-23,250.58883333192924,44.927709426353964,57.98892664055827
2023-07-24,302.39464259550886,30.321452982979498,33.68328597107357
2023-07-25,298.2808177181698,0.4598525808314824,63.942237610171546
2023-07-26,263.0890494209899,5.0735771433016055,23.5569960669344
2023-07-27,219.95437190787914,33.17508845540279,67.16202803924628
2023-07-28,117.7773006575582,0.25307919231093434,30.209781662938916
2023-07-29,125.29815623008739,8.040402570874933,46.60632171486986
2023-07-30,300.50600335614195,27.436689468329305,65.9685301704005
2023-07-31,215.64741060492,34.59475988463466,51.79408503330604
2023-08-01,104.57006351278228,32.59806297513003,62.25047776570355
2023-08-02,119.76706703640797,11.21346547302799,59.279929395648985
2023-08-03,228.818304480508,35.6089610673768,69.29402920106902
2023-08-04,97.48626786435406,11.862454374840004,65.93314776370568
2023-08-05,126.92012611162309,16.269984907963387,43.19383537195337
2023-08-06,196.32886534077133,37.32457025590121,59.494124506901976
2023-08-07,231.39341045712592,32.48164495236073,27.101722074533804
2023-08-08,220.73178899165677,42.4611705247089,49.131426389933225
2023-08-09,133.15544665526616,32.88064461501717,62.277271019578095
2023-08-10,240.82037814395312,28.415430166773582,52.00771481369
2023-08-11,131.34386674049586,4.683738391404624,56.699595972756285
2023-08-12,150.94357019774114,18.385790152971676,46.80091436051313
2023-08-13,250.55495330763156,13.260118384086272,66.93604156302715
2023-08-14,227.74383610152125,12.199482168954178,48.79376339436511
2023-08-15,276.20700838929304,48.65052773762228,43.0182472639392
2023-08-16,223.06345608358203,19.65488623333802,63.297761188535816
2023-08-17,202.2109136930163,44.602327758855665,28.922601164533102
2023-08-18,118.06099949847508,31.556931299863145,57.515500152760175
2023-08-19,156.84855253139747,39.74056517708242,34.362726886592924
2023-08-20,142.93102958682476,25.131854655259605,69.16890243857247
2023-08-21,129.9893595201051,28.845194231317954,46.08459120129807
2023-08-22,315.7858629396662,24.625884690943195,52.02477081229533
2023-08-23,163.51493459116455,9.762149389902225,56.18855594966184
2023-08-24,288.2287354610409,36.12260576307526,21.05473105528764
2023-08-25,213.11764720943083,14.03861812204279,40.241227376647146
2023-08-26,260.5480452766647,1.215798321572692,65.6531886392983
2023-08-27,187.7949902196823,32.27361479535839,63.01647536256333
2023-08-28,197.1955006566506,8.855533970352447,54.245483080928246
2023-08-29,183.63188373542445,47.02292921764572,29.75804642861715
2023-08-30,130.894946959303,47.696428850129365,58.78255191287869
2023-08-31,240.37108697609244,45.743219511022424,60.700993853081684
2023-09-01,140.25782230704215,18.50793501277222,50.70525819685618
2023-09-02,107.1106967290227,0.7728308264433714,68.34756425887186
2023-09-03,219.41963380421632,46.415928129386266,39.74852314804816
2023-09-04,129.14519847208135,21.409207415865716,42.352136337500376
2023-09-05,304.5858549860273,48.33274095218348,12.730826313712782
2023-09-06,312.27934518659396,48.18099885446264,63.79741265221495
2023-09-07,299.9997684480121,42.650472773368,54.707929452052014
2023-09-08,156.2647835699241,14.722444603479284,24.772695123001565
2023-09-09,96.20443772794962,19.254886430096263,23.62101500008779
2023-09-10,303.3022472772882,42.556833575842845,36.91054058943484
2023-09-11,171.65904246734263,15.846100257813884,61.904869129705304
2023-09-12,319.018886060167,8.474637334304624,45.49459267867057
2023-09-13,316.70995571981797,27.840063122917506,37.92819625009513
2023-09-14,276.1733216914056,46.80773870803905,34.90826160374756
2023-09-15,144.68363086381834,34.80148983374865,34.2363206325772
2023-09-16,158.54761413712043,28.50305850446825,20.994825483386595
2023-09-17,279.9571381033403,4.8588246885384265,31.889062525304382
2023-09-18,147.85155471254367,30.750361334958487,33.941328804842485
2023-09-19,120.86498583570372,49.50269250521316,60.239348546857194
2023-09-20,195.02694894236603,7.004200761826201,47.514154202800775
2023-09-21,307.5192834277072,25.916482618186837,37.61622735473808
2023-09-22,232.8100492117339,43.86865359639777,84.6458413310928
2023-09-23,198.44534928248754,37.03843088771022,40.041546296800014
2023-09-24,111.49699918291972,34.8507870497634,67.50654371575455
2023-09-25,211.26741312647687,35.12420419935546,74.31662836681573
2023-09-26,329.6689386403237,17.97455756098776,26.450594935139854
2023-09-27,118.35393723396093,14.679592213224668,51.10944446110352
2023-09-28,188.8853130306896,40.46805777392568,42.236995236376636
2023-09-29,287.81971566702765,40.50566973395904,41.01613405160996
2023-09-30,242.87688414558158,43.35361592900519,58.33065225210362
2023-10-01,228.79203715003462,45.66202762782356,40.656942553650744
2023-10-02,232.55628720660582,25.56711994304689,42.56046430510294
2023-10-03,156.60208311866072,25.07581473435998,47.4782765656206
2023-10-04,144.21134476596822,39.91475894833876,44.39901097435146
2023-10-05,268.8032705239123,32.49819653888826,32.396446894818126
2023-10-06,267.2778632211519,35.098343862885166,61.93859757271211
2023-10-07,284.3632056206478,39.789633471805054,65.727964077614
2023-10-08,297.8408346908986,44.50026709087832,55.15427884302826
2023-10-09,190.6226164139156,16.89975784257679,44.351710234666015
2023-10-10,183.0604188582152,18.7791476319972,39.42183895505328
2023-10-11,260.462980272468,4.69909699204345,39.44569905610331
2023-10-12,223.8911338412352,28.9140070498087,85.36064547549063
2023-10-13,232.26341947461924,1.7971136898371043,64.06757452349966
2023-10-14,270.54338197889126,23.27990090662301,37.398348821249925
2023-10-15,292.90356366289444,27.13223173537883,52.47046741155711
2023-10-16,153.8659254144665,14.32706260641422,44.56197462350956
2023-10-17,157.60455724091855,29.541663028450536,58.75700564234436
2023-10-18,114.4941268124748,1.5250124969524714,58.152486541840126
2023-10-19,203.38816776983813,1.8674094374607209,66.25414480858205
2023-10-20,107.27423942310685,41.13002803298291,37.24165312006707
2023-10-21,180.8078157994659,18.009532070563143,51.571029479571955
2023-10-22,195.08526301496747,6.353025632594239,23.771795225637106
2023-10-23,147.44444821069465,26.112163002740218,31.139895493567334
2023-10-24,216.29865295442028,38.499677654930544,63.26151254838769
2023-10-25,107.98840454740501,10.791051374842159,35.7397431289201
2023-10-26,110.19598818798083,31.144523790950014,37.386368029282174
2023-10-27,273.936153840638,4.2673732496884,49.87582888174926
2023-10-28,163.75092738434347,2.584086058430385,60.42141546269809
2023-10-29,120.68547954506023,26.5677315784074,34.08759806248856
2023-10-30,190.17061102914664,27.031756080505325,-2.212132431401257
2023-10-31,253.78702922236593,31.871495074910328,36.94665136784732
2023-11-01,133.84285081335372,36.30456668613308,68.08442116929255
2023-11-02,216.19480411771568,48.79260397312673,55.147025765253105
2023-11-03,122.36911403353982,25.815017415059767,69.8581220568082
2023-11-04,117.8499281531023,16.1478236470623,33.02275786800956
2023-11-05,192.50979720113514,39.759309738435185,25.409055985039156
2023-11-06,195.80163310008635,13.541612563103712,56.93822828971311
2023-11-07,222.24029950723622,21.948571035281805,53.60034106527569
2023-11-08,250.34243418576884,3.9228190671132976,54.58331480565888
2023-11-09,324.589198968578,1.2675371707728755,63.994949639758524
2023-11-10,190.96492085430796,48.132420733896254,56.3252738586839
2023-11-11,153.27355420646202,41.79900602561029,56.084263897105686
2023-11-12,264.95357955205805,34.798710304684896,60.725105207017116
2023-11-13,146.50525006534644,20.447647220713495,57.53624948280541
2023-11-14,174.47058907715095,8.664716003542289,62.86168897576108
2023-11-15,115.86718922579333,7.8218521335543025,65.12781237167873
2023-11-16,115.05662503536212,12.512144908229766,72.97533201861373
2023-11-17,318.9257152388539,27.461333235306025,40.262130126444816
2023-11-18,275.9230370016609,35.72979613500312,57.20843161116121
2023-11-19,239.91356762448507,33.009868835886564,44.44514947104055
2023-11-20,170.38289246160102,13.996694847297142,37.496615190811
2023-11-21,132.46322067207478,47.743264033159704,39.65689518379451
2023-11-22,129.6847211268526,36.89484583478843,57.42433276342288
2023-11-23,142.9714541416052,27.717702625570034,56.27378832179001
2023-11-24,202.84851047762055,30.58603731171761,56.00618043857655
2023-11-25,243.6749307799439,20.980003121389494,46.614295286460006
2023-11-26,231.53533334996342,12.386549475057873,50.051221267676155
2023-11-27,151.4082642396341,17.798633932563078,62.26629043814075
2023-11-28,317.7070991537381,37.892305523218454,27.659104105260408
2023-11-29,253.200825925477,0.7196744314877934,50.369631476428765
2023-11-30,208.52741402179947,5.803632025345812,51.34934222190184
2023-12-01,221.22587532317468,2.3001321010876374,61.29956403616474
2023-12-02,179.85911307934887,2.0364401159485066,29.746273820857624
2023-12-03,142.90449964648704,42.77302920055036,72.42700618276118
2023-12-04,158.31223759580675,35.18289296900118,53.20445636642765
2023-12-05,260.7501514260462,23.70869145436626,53.99870820042405
2023-12-06,115.33102184629875,4.891708032550074,43.9793036400166
2023-12-07,130.3817572563309,24.58079375584162,58.070335321952655
2023-12-08,121.62259772798285,23.673588539028284,50.719310754246585
2023-12-09,119.29322008931989,8.660093495500758,68.13472916159698
2023-12-10,292.932069171405,21.692582461898652,28.377586279045772
2023-12-11,245.50689045085096,19.92523671986867,52.63318744835762
2023-12-12,185.9024449817682,30.792504902610823,56.12768522566139
2023-12-13,125.58380784446574,31.75468254338219,47.204414084553626
2023-12-14,196.78525465712158,2.265200488602226,43.93001265039431
2023-12-15,192.01861782796172,18.73063073132356,44.55564081546939
2023-12-16,138.46793702485846,31.29299578571182,52.61958904051742
2023-12-17,180.7435768959112,25.156812929004385,22.85061648528941
2023-12-18,174.23537071278056,42.824492059416116,64.47522441594845
2023-12-19,225.99315917974485,32.93468158094725,42.79802198456224
2023-12-20,228.05556897635478,8.146721354071484,51.91704046050174
2023-12-21,119.22687498826886,3.528437370021492,55.50653400182101
2023-12-22,172.1039463447968,32.12096391031578,42.11291919030565
2023-12-23,230.2584973419906,1.3255655270810907,48.03442389501506
2023-12-24,198.0062212262731,29.288779063673164,19.471396390617443
2023-12-25,290.7252547685467,47.01151207124788,60.98185410999608
2023-12-26,234.98696597131084,28.77370889379395,66.20103500483248
2023-12-27,137.5348881358433,19.408496310326097,24.485096720918698
2023-12-28,125.78773447311654,32.16441092211766,43.90260684955607
2023-12-29,234.30924224376056,22.912644524575832,31.55195932638778
2023-12-30,122.28073956272038,27.280839465796745,47.33389517768891
2023-12-31,219.6866187550067,47.07324043882626,59.72954502081441
2024-01-01,323.74443919982934,19.305131890038712,64.80963348884937
2024-01-02,217.45286961056863,48.05952819119571,66.82779784140273
2024-01-03,179.96387619307012,45.26753209780318,69.6581573703832
2024-01-04,239.44133870425313,9.789556739464821,46.66380832316651
2024-01-05,187.8173671448648,3.4680650437582727,32.79562056899841
2024-01-06,210.53915017768975,5.038900068871333,48.28114549538047
2024-01-07,324.79123307184557,0.9110912825774864,59.49901253455364
2024-01-08,176.41671322975657,4.72214803779642,31.59110328618714
2024-01-09,337.1768248610436,34.150338670817845,74.90205430172362
2024-01-10,314.07733458297247,3.559432423011449,63.468328081405126
2024-01-11,142.58703615397113,15.948781514688065,46.90149247353006
2024-01-12,130.17787586227163,42.24376554847273,39.33692104383138
2024-01-13,133.22946457952648,1.1635967867912933,39.963183783310356
2024-01-14,124.06299335013418,40.72342412944679,51.11309320700233
2024-01-15,137.4863916076955,14.092738738669997,46.55896095904472
2024-01-16,249.384896010819,5.908241381082813,64.25754132923937
2024-01-17,128.77618256190624,34.836858268207536,44.85536257546056
2024-01-18,160.89912758717148,31.4471423389942,57.582527159172365
2024-01-19,295.5808170451552,43.873600676352645,49.56612673737695
2024-01-20,128.88803019561684,36.75355219019429,54.04504036095606
2024-01-21,286.8799657633292,40.17404651924243,46.54915346605426
2024-01-22,154.3928374685087,14.101728628565324,60.61573311874431
2024-01-23,135.27339545888134,8.871977188986142,60.838101204351155
2024-01-24,256.74699674517217,37.53073758204292,56.898935387332166
2024-01-25,237.5998102922457,40.3417369633632,59.11271490724257
2024-01-26,305.29995640408,49.52525710003366,35.83446833685421
2024-01-27,263.38472339846226,20.630883845571326,54.84868644363469
2024-01-28,284.04917045671885,18.600904289639157,68.738026512313
2024-01-29,160.5955918583847,38.82064803709984,57.37106850529246
2024-01-30,140.22828723844782,17.040177012650894,34.53923745797715
2024-01-31,272.61677107707493,46.537866280178235,49.25350235526373
2024-02-01,290.8615969315084,42.92063759215059,55.62466907509563
2024-02-02,342.36277362477784,21.44970136875092,38.63900724652537
2024-02-03,191.6993480330506,37.54355338957487,29.62593204914971
2024-02-04,179.80943855761367,37.727143704234116,45.258531973452094
2024-02-05,282.4768315542605,5.15619344179663,38.88751388048446
2024-02-06,174.70985383490455,45.127645333978336,49.785664529150466
2024-02-07,327.9557849335711,25.262618622392857,26.128930287555676
2024-02-08,305.438103175493,41.322873305387084,58.47051593804234
2024-02-09,190.08801121142756,16.002480051530586,40.48092447059965
2024-02-10,275.88334487827655,44.77616142481003,64.93628355022034
2024-02-11,270.17336028066325,19.460083936708156,45.84651740305433
2024-02-12,137.529939378834,0.541882574014918,49.61916430423269
2024-02-13,320.9238310425897,45.26909882096318,47.40447681954623
2024-02-14,208.3522297768693,4.564333839306678,39.67760464849591
2024-02-15,297.97389946669034,15.965681879520744,87.0841919340899
2024-02-16,176.72296739555387,47.50309835254025,42.562007329890726
2024-02-17,320.7893626794537,47.53035734687781,65.3528228369849
2024-02-18,180.16628615053233,28.671894406164306,33.59556580904908
2024-02-19,129.7590459778746,31.591860608489963,55.58197086639741
2024-02-20,324.5329591459614,22.42227609891599,57.18308245897754
2024-02-21,134.82303681868697,14.660538584903227,49.637345343528054
2024-02-22,175.60680198219873,16.4332272684958,41.4349292054064
2024-02-23,338.7494075863008,33.62592280385192,46.050171460790544
2024-02-24,333.4465790841095,37.618726471884,43.95065747040319
2024-02-25,230.16512878448506,39.578952186292426,86.03039422753184
2024-02-26,243.26580369654081,39.48090713972769,49.660953658327706
2024-02-27,201.43980489314154,4.560305152434518,57.87333167995926
2024-02-28,166.81688050775813,24.721015235129073,76.7243763563805
2024-02-29,176.60705039176548,2.877938000832214,36.85521998038728
2024-03-01,248.59690771313328,27.476444116186777,50.56490349751907
2024-03-02,269.22382544093256,22.07652506866885,45.962208024779166
2024-03-03,288.09573755984286,44.38520913791499,48.70792331774954
2024-03-04,290.5205219931249,17.545750627603933,47.31482049323772
2024-03-05,141.36554859835277,5.853350821380293,39.021843715546744
2024-03-06,210.37826011922627,7.149584102641793,52.93115427494949
2024-03-07,136.29867988018486,38.07553158587361,34.060508338758474
2024-03-08,220.68265399870745,30.910903165813053,64.83324105963527
2024-03-09,198.78153221712193,5.0561338061395125,59.34964709981906
2024-03-10,319.57618347967514,4.205340305749871,42.59805775453976
2024-03-11,180.32706339052814,35.048456572956,43.32525017939211
2024-03-12,146.927511870447,3.6381503182096764,54.132658435223796
2024-03-13,148.80348611186633,41.09300296451781,38.021820265907266
2024-03-14,281.05165496832944,35.31211135782481,77.17970186202307
2024-03-15,243.8232891573156,4.067439032094988,55.36888593037653
2024-03-16,141.46762514414192,4.241885704259596,55.898947270755166
2024-03-17,143.0237059429339,49.33197892505877,60.22167620535929
2024-03-18,262.19820295319937,18.713539787806017,41.30805088894895
2024-03-19,140.8851343898269,18.532107353344546,66.3351497267716
2024-03-20,296.6935012119355,40.63997836287513,51.71800049323196
2024-03-21,262.33410984134736,47.36242886919293,64.25218206498248
2024-03-22,141.41116973906585,49.30005319114355,47.03070310147504
2024-03-23,135.9771759197295,37.66890926294708,69.75917340096778
2024-03-24,351.77958484689236,18.81297927654579,56.02015440537185
2024-03-25,182.50995619721397,4.175035834933438,82.73760536265631
2024-03-26,189.03305691889605,38.85734579637184,44.45717574766655
2024-03-27,299.5339303119065,27.920212486790252,53.06824094136118
2024-03-28,336.8773417051471,21.211100462348814,34.52635629694763
2024-03-29,354.0523076145836,45.3177192547368,42.060526436806704
2024-03-30,281.6802469397626,5.559874115307567,59.28029821771859
2024-03-31,190.77968308094592,24.631255214542957,66.93986656309251
2024-04-01,142.6641369694781,0.5676822383709534,94.47515527581083
2024-04-02,288.2577345432426,23.433032099706313,48.55056640065169
2024-04-03,225.75814145904556,2.8151637840918675,36.001798885316035
2024-04-04,198.09627907151426,5.940895813403596,61.29988640565862
2024-04-05,324.8855012292001,5.876312338855244,33.082591692480406
2024-04-06,143.46504742916937,32.460515105803175,58.46416082040105
2024-04-07,212.7382057683664,37.30224396327117,42.46616425708814
2024-04-08,135.25520940133876,29.168438254857982,53.1739245557059
2024-04-09,210.8987160748943,48.10862742372709,66.36569153247001
2024-04-10,139.93153300628182,18.743528976185203,48.33899856378956
2024-04-11,148.7015609047775,14.285604314093037,63.99318626492932
2024-04-12,148.58516344910313,43.429956409473014,63.09737822928723
2024-04-13,258.82799086172474,11.179791925972632,22.03502707536358
2024-04-14,271.9184429177852,48.161126972030566,36.475988809466415
2024-04-15,231.9923422508182,0.6077237344908171,26.572897079067925
2024-04-16,349.5461301203092,48.493941335381955,80.02605653795203
2024-04-17,187.18419082173767,2.1579955975288057,48.4191211184401
2024-04-18,174.61935253823737,44.557155684903556,76.71243819449963
2024-04-19,315.04161287679256,26.385055454314994,25.505715791870248
2024-04-20,168.10218986487567,49.64823980596502,41.40847363177211
2024-04-21,342.12661168662686,3.689828236769943,62.007473626489585
2024-04-22,138.05655484379102,27.69271422006604,52.68911906640026
2024-04-23,352.9626511204857,48.46512678095495,57.99289839220188
2024-04-24,134.63141807409525,26.15489220850744,31.192876493101146
2024-04-25,323.83597453793,31.469931906763126,70.65205239318394
2024-04-26,217.76573254075353,34.78743444923086,61.65524143635933
2024-04-27,355.69274302841495,22.727053238388663,56.0243825823721
2024-04-28,140.32120753013152,31.377904004203174,39.715845783772885
2024-04-29,219.5216097188808,29.21571559615501,54.85700191408918
2024-04-30,348.6134452228406,45.057900524549446,45.62765031509765
2024-05-01,219.87514252226484,2.2723190170728937,25.24263184943357
2024-05-02,249.78815314205718,14.048159479611517,49.24365722417768
2024-05-03,264.7690702139177,47.520574203827934,47.64904402666211
2024-05-04,210.9619604882276,44.51318919454582,65.9360226481268
2024-05-05,245.06912012673106,22.782837639285646,16.48360336528696
2024-05-06,233.508123440533,31.006629890076837,53.52799743282051
2024-05-07,323.7382505441667,13.869059149056634,32.66647927841424
2024-05-08,136.09587222464418,9.406057986188065,54.788350132933196
2024-05-09,163.89710399909242,23.18492024699911,55.61420083365959
2024-05-10,339.78965357337825,17.66761140130264,48.697328343047126
2024-05-11,314.3329009511606,29.182805592543602,62.109396872166265
2024-05-12,205.2513281325512,3.8867318482492417,31.313509113504516
2024-05-13,238.6758538682382,48.71974038330833,66.6158067542255
2024-05-14,166.91823605371448,49.31053722398014,39.37881700708788
2024-05-15,153.4043508666147,34.90808570098726,26.661520242651566
2024-05-16,204.73789782461574,26.80481831720602,45.914060442502866
2024-05-17,182.99586446766412,15.476380814316387,18.57263715980022
2024-05-18,236.1585911416863,40.68975098534743,53.81260838369303
2024-05-19,138.67684628112093,34.23655862769397,46.111243361296616
2024-05-20,349.36213789822284,8.130846967244565,68.50530382064053
2024-05-21,360.1106773458732,45.546359224692125,59.73386315760494
2024-05-22,263.5145740215961,41.12686214615845,29.12005494217985
2024-05-23,220.5459275181716,47.4899956645962,37.424187633231725
2024-05-24,172.05746546058413,36.285975419418,57.80996630801314
2024-05-25,294.95715161983776,30.670759796789493,62.706185149775514
2024-05-26,255.70927623697924,20.912151814530944,68.3375137233032
2024-05-27,151.5691044588797,46.63642416770066,68.21763927958023
2024-05-28,326.2292971819438,43.30319447502042,48.657160846281414
2024-05-29,291.34530661063894,2.2609335053094703,55.439834333767536
2024-05-30,338.59992563322106,1.3183487248626002,69.48107755915694
2024-05-31,272.44640851814415,18.82316834390248,45.45037307096077
2024-06-01,237.8916864336756,40.52766653909165,55.69589280410185
2024-06-02,192.3431130642653,49.363806465747224,45.09678830480522
2024-06-03,328.3966159086201,7.520844555176409,41.73577828301859
2024-06-04,305.1959332557445,29.706535767606756,50.72577677428705
2024-06-05,137.57150922727578,19.044542831551077,39.68684822990613
2024-06-06,132.37272421716116,48.49571989073016,48.036260408453764
2024-06-07,187.76388746552453,42.105946156785436,34.47567703201801
2024-06-08,297.7509717191518,41.91643523555689,47.15008419226431
2024-06-09,353.1977627329105,23.434657989748516,56.72585440423793
2024-06-10,145.9988504139001,20.74097511688326,41.16854695689806
2024-06-11,233.61567271703646,13.670353596535312,50.13937628796369
2024-06-12,183.91056806012884,2.8187748325463557,52.09013890431896
2024-06-13,341.8754449723982,43.23611881275266,56.78802337732002
2024-06-14,303.1881796406766,40.64505045650388,47.99630238042176
2024-06-15,298.3720208918711,49.98588366430653,66.28799512801709
2024-06-16,196.77124268186446,49.831841853695266,18.48621707822123
2024-06-17,189.27996568884905,27.771585280131372,94.0662927075166
2024-06-18,164.59920127412175,38.44937075902553,36.93299353943725
2024-06-19,139.31574863435407,47.238286494121404,56.050850350311165
2024-06-20,307.06518963267007,42.482369533870575,35.92298134691227
2024-06-21,293.90494964606813,12.367405087159883,59.664022392639524
2024-06-22,352.75426288100493,22.527206765504676,54.14853728892392
2024-06-23,355.7410040401123,6.457970757574749,40.23929693982366
2024-06-24,225.69409723645208,47.70255136293612,66.09631018115469
2024-06-25,282.3403399201932,30.308731722544003,47.54058680597118
2024-06-26,328.72127273736004,11.432140275173136,58.208239070855065
2024-06-27,303.57463004375086,33.58503422029283,36.242602922059454
2024-06-28,162.28948373422634,30.90641202289479,49.5366854664263
2024-06-29,199.08096585383865,17.908135901642027,80.05110900773157
2024-06-30,144.2970697767864,5.677879609981451,64.44448293671195
2024-07-01,336.62075609651976,33.57865977963998,54.61431133176578
2024-07-02,231.45588735409436,26.015385045189664,43.26618758585306
2024-07-03,151.327457628904,38.61591958678196,51.01247803812513
2024-07-04,248.52895355989432,26.00817505559967,52.96348985258573
2024-07-05,244.38360408081692,42.609075015927004,56.73842652379618
2024-07-06,177.04901735042407,27.595341938724278,33.85009237733502
2024-07-07,133.6229143137459,28.046898576769312,60.02611941413547
2024-07-08,252.14410549678198,43.832680132917254,33.65610352558021
2024-07-09,214.72917109970243,20.17414331061985,74.46688778422808
2024-07-10,281.8252044912757,6.700761422532037,38.42557516374682
2024-07-11,213.3028782511999,1.4391338156669486,54.44942479514263
2024-07-12,304.46488936296385,37.75686278368095,65.07713859917027
2024-07-13,224.60127096333233,31.015477567673233,46.21429934803326
2024-07-14,218.88574596382537,35.20398840496118,55.109000286497874
2024-07-15,306.478778726486,10.648208075445536,71.52772323785078
2024-07-16,182.8776749911722,6.818573779338488,58.46604481839899
2024-07-17,140.19691751567464,0.7272332833940964,55.33325944511529
2024-07-18,132.51496200504428,17.529377940329848,24.72821907769307
2024-07-19,273.4958946245279,29.495884342731653,35.99416620889666
2024-07-20,236.60093860877092,19.612202254986617,65.70380191475017
2024-07-21,251.80996987805293,21.873746101186452,58.54925458012074
2024-07-22,149.66893512278335,45.20793472468742,60.82199410677611
2024-07-23,135.12774242726536,17.41277335116502,59.530953983223455
2024-07-24,129.55874458061197,25.69947445799054,69.34634792563061
2024-07-25,179.63609031990683,39.18265063705715,46.07900112567316
2024-07-26,229.18082512547903,19.827139116063506,51.80749938183951
2024-07-27,179.74078239377477,31.104335011393676,34.56988500306374
2024-07-28,196.25753117309415,43.11818543733726,30.829661248454357
2024-07-29,315.8823777461405,47.4760311828821,25.343889266179136
2024-07-30,170.27967557793727,7.353674046451896,36.72254751500228
2024-07-31,205.36646738853364,46.32938125807472,73.28842723234463
2024-08-01,277.57821300446403,24.60581465397691,26.709093982759434
2024-08-02,183.10148558834857,12.912219414947918,45.446960216342035
2024-08-03,233.64621582747597,22.956787811913067,30.602820145307636
2024-08-04,298.41136876648983,49.00162876427385,40.98539055494959
2024-08-05,334.65296575817763,24.63090469964348,52.54540688528029
2024-08-06,140.23150391074154,16.437580514375412,39.49826190192488
2024-08-07,321.0218387028905,31.67004271583629,66.34497297524692
2024-08-08,205.9119961335621,12.007280938909654,73.0096718127435
2024-08-09,153.6228626301258,3.7931664054331957,16.26356407916091
2024-08-10,190.30706327279694,6.443986095532461,39.75511504473316
2024-08-11,344.7271373738386,6.402291947888622,50.88713183408634
2024-08-12,208.0394076219486,7.595134675614718,66.89175539023071
2024-08-13,167.69084153635518,6.941358632470507,43.186335872701065
2024-08-14,235.96894342019615,32.04373724016073,49.70096907131285
2024-08-15,150.32747141048,9.094004219957242,32.64883662422077
2024-08-16,130.7954468938023,17.28336416619316,27.00806221606482
2024-08-17,135.94152869897724,44.839420495300594,71.680770343744
2024-08-18,136.88544557648626,23.69808201314362,22.63895189160595
2024-08-19,141.57567977573734,33.37788692605136,84.92928512632349
2024-08-20,135.2085176861717,8.615993560081492,60.877270990726124
2024-08-21,236.49325486477653,9.614450940433539,60.19959613275134
2024-08-22,139.0052112614228,2.043430813323943,58.63203001241645
2024-08-23,170.47567168728278,8.446753153608228,46.20971467998554
2024-08-24,311.91242083235994,13.92951695159793,55.88126794551304
2024-08-25,198.09768534209536,8.85052421383734,47.16654968323287
2024-08-26,245.06512826836678,4.43512668785278,58.29609914660719
2024-08-27,145.49626782955545,6.03179355503004,49.49470209636926
2024-08-28,141.02929509381664,23.038938401636287,35.74477725347398
2024-08-29,121.59358931374085,10.316685920289625,36.94141075607366
2024-08-30,143.76634077779443,18.213493052403773,35.23591437061245
2024-08-31,153.1266590103291,25.170863542742843,64.56351097901464
2024-09-01,143.81741596724038,34.51974143146826,40.738300813113526
2024-09-02,127.93231876750615,1.9656069920549468,21.318452583727098
2024-09-03,140.19276479998763,39.97051994545213,55.95257998773208
2024-09-04,194.93531013692865,31.39501947454539,72.71776343884372
2024-09-05,146.84155789939302,4.087951597443595,61.5962478376629
2024-09-06,178.22087893412916,43.67893120533886,40.95014652167431
2024-09-07,200.33723241821093,46.04362002659066,26.197824266073663
2024-09-08,247.49264207506462,3.0538979927431873,47.985978449637344
2024-09-09,121.82121656255102,13.843882407360187,47.611641828549345
2024-09-10,278.7004340134424,40.31006398965307,35.46200584529351
2024-09-11,233.72213236742544,37.41298451918292,58.26555953363806
2024-09-12,131.95651625771598,9.226050967818866,77.6993975124571
2024-09-13,307.0974008589437,10.467466166835514,53.33424076187426
2024-09-14,314.0791096844907,18.5236051395691,52.40714310498269
2024-09-15,127.52914384335992,24.226149259551065,35.941579267492656
2024-09-16,155.4247432602982,30.912738576514798,70.96122054590558
2024-09-17,282.7392241410144,18.445681978488622,48.87283749784975
2024-09-18,273.31889339392313,23.126735806657393,41.31555117208744
2024-09-19,145.10442252487755,37.37354690668783,50.95532590477424
2024-09-20,150.65223814516978,1.834160144529895,57.07941999869914
2024-09-21,181.6487055616315,12.621847217201038,52.088231129673545
2024-09-22,202.7685480059942,35.66747929422762,68.09230093505887
2024-09-23,229.87903553629184,44.76034188435997,55.75957328820294
2024-09-24,171.72497376883746,25.583872105783307,45.74087283676198
2024-09-25,194.588745240757,26.605674263265783,56.01788324490335
2024-09-26,264.60390527138543,5.358600566988803,57.49455651688936
2024-09-27,121.02416644514102,22.370618341172733,30.55436121104237
2024-09-28,155.7365579781152,26.630863322751157,67.24129592395572
2024-09-29,257.59190485629364,12.123525181736483,45.486439709579614
2024-09-30,316.90253675238733,13.462161547469048,45.87015164741855
2024-10-01,204.7614955815111,18.864208155231132,61.27063980613919
2024-10-02,211.45230773119326,1.0035598888863184,61.20747836389372
2024-10-03,132.22212068017797,16.103958279158913,39.48752481700871
2024-10-04,194.509723491665,10.572400349827232,62.043524272185294
2024-10-05,210.53882736121278,16.374867608895734,41.59327772765714
2024-10-06,150.33608960958512,5.988106590962561,77.29359570047983
2024-10-07,158.273175212271,44.52636403699475,37.57709028101355
2024-10-08,179.09357751847818,29.679622677702433,53.59216192558845
2024-10-09,125.29980213860253,33.95511595722448,38.26973544638589
2024-10-10,170.8677421501291,39.45856193036691,83.34043443702612
2024-10-11,145.02634933866764,24.922109946452863,31.43268583869326
2024-10-12,166.34983849313323,4.346014404371185,57.865441208793655
2024-10-13,138.49744165282402,26.85532709092739,38.976343782833005
2024-10-14,308.90613663934016,29.342055901043956,44.688385378280195
2024-10-15,227.11725984138636,37.271973709216496,56.80306750617764
2024-10-16,241.38719331691868,21.58297731148397,68.36876656439215
2024-10-17,288.10152079238344,6.379015139778188,74.35094843448569
2024-10-18,203.38007734443644,14.188795289936223,26.945780599605193
2024-10-19,136.61232577458583,18.154114819931756,54.016268365466935
2024-10-20,212.2618297837203,32.295862066580064,71.89240405075282
2024-10-21,226.58764732505074,28.538915233445593,24.720335918570893
2024-10-22,272.2042907307031,17.80483629489231,54.71575241082271
2024-10-23,193.79490528482836,49.32576243964898,49.96874303869724
2024-10-24,138.1379771663233,30.288740967844358,56.218127215696825
2024-10-25,162.11778506465086,11.861339586799724,38.41543962010287
2024-10-26,180.00121486865422,5.089123631020187,28.465717576798397
2024-10-27,248.0727792125988,7.642956959216601,21.303403622314622
2024-10-28,222.83748752574434,12.297886419225406,64.64575930193155
2024-10-29,181.92255623436284,8.034068662977784,66.56073704725031
2024-10-30,344.3042601133757,9.328351202565289,54.540280234939786
2024-10-31,234.16611491431874,14.254758434692356,41.987774754678554
2024-11-01,159.06254438473513,8.66867976473774,25.65431159801382
2024-11-02,135.38714066072768,44.83827123132126,58.45018193757536
2024-11-03,141.25371297089205,4.011687283082111,33.488310757449725
2024-11-04,161.02907539007717,26.225569478512732,39.330520628591934
2024-11-05,143.28538888822484,20.519841349483077,41.20153880655922
2024-11-06,146.0609485932777,49.11893084543032,47.03697161454548
2024-11-07,162.5080886979913,5.601945108402617,38.61439329187028
2024-11-08,145.53486144667016,19.892779952287082,50.50188156488454
2024-11-09,318.9757738583568,48.473521663768445,40.67272549240413
2024-11-10,136.74012624406927,43.275356294699016,60.52059597258834
2024-11-11,215.51741753794852,40.853603547464,65.4659437098208
2024-11-12,190.0528463530183,12.895141352246991,51.628140140426574
2024-11-13,343.95336919106995,8.544379369503291,56.93939503071654
2024-11-14,141.8977220115901,33.43216099622155,81.76783924438836
2024-11-15,190.32447282537936,46.46879945637929,32.41095114708026
2024-11-16,343.5641404280496,27.83814465069649,31.497978480798416
2024-11-17,309.09306724260347,28.580634473494992,60.42496851165312
2024-11-18,290.59054353346136,13.998954683014208,79.19814256272149
2024-11-19,162.65367185578913,38.47464665959684,46.09252157091916
2024-11-20,146.37403268225836,9.352187427876169,75.9025076332814
2024-11-21,250.95724037765646,16.183961820212183,51.446505781902346
2024-11-22,324.4494964397912,21.27182193082084,39.786690769413774
2024-11-23,218.17946210246416,25.38051893422275,35.139614170434456
2024-11-24,226.27275648798744,12.120486620754011,59.44120377330181
2024-11-25,165.18410939849053,5.741841236960177,36.275613983259554
2024-11-26,280.5102235469813,30.53100212208163,51.21915264150542
2024-11-27,152.09318788733026,14.431527662012789,73.75197538076141
2024-11-28,175.1703709383036,29.061911071130613,45.39829410692944
2024-11-29,196.8072771630184,7.718135763710116,69.71014211965849
2024-11-30,211.5920125683852,24.057005092740873,31.7818476541039
2024-12-01,161.1406132016094,26.629471627579292,41.991363480248005
2024-12-02,147.91168047270415,2.5911768411213454,28.892839606776253
2024-12-03,238.29606773616192,16.830213909696027,51.094951339600364
2024-12-04,169.5611175076171,6.720733846948712,61.701172695748745
2024-12-05,231.6291579694228,3.168748523638387,51.127806314092794
2024-12-06,149.165779499685,49.49801161949726,68.40575089955227
2024-12-07,206.36563394579403,16.117692248736148,38.76231139056305
2024-12-08,217.3740462729152,40.493722292731746,53.38014130533601
2024-12-09,135.09100831112713,12.732032738188192,42.08796014579215
2024-12-10,182.51676139606954,34.075136111196464,55.42514878135483
2024-12-11,146.09746848489465,38.011392994484325,57.55604069318639
2024-12-12,138.8755593555081,29.781937030392214,58.73593939976094
2024-12-13,356.31606547978146,23.57880942750792,33.94108492646597
2024-12-14,177.3196295809468,20.592045707363425,36.653808473201465
2024-12-15,298.0210728348765,17.443413327149766,39.43568437713217
2024-12-16,162.3101915713391,46.476457212391296,46.41678878200104
2024-12-17,259.3892521035538,41.530970389386454,51.307796063096454
2024-12-18,282.3017291491346,48.251345533325626,60.62133682785015
2024-12-19,237.99921179575884,6.214861174277236,37.278519509911526
2024-12-20,204.2339440206212,36.54337376018221,25.984710534473717
2024-12-21,200.45195846808366,46.91702284105189,82.33614744810185
2024-12-22,182.21365352334197,9.061653308283008,33.02820469021355
2024-12-23,336.8589991023384,3.3248133683388748,62.544855844933274
2024-12-24,304.44589172644527,37.056032464502955,50.46900315873012
2024-12-25,351.26378893952796,28.723655658995597,53.769584612095706
2024-12-26,156.4853895394308,42.0914388379136,49.97674241246146
2024-12-27,271.77036568332204,6.988618831314475,44.22737177079312
2024-12-28,337.953439535448,39.76336559299451,56.959584243851886
2024-12-29,159.02412857050064,10.081366002387227,43.421191906140564
2024-12-30,140.3362859807336,8.182797143285224,67.49454120855184
2024-12-31,281.78822341494634,8.213289896549647,58.52661509384232
